kategorie,color,display_mio
left_fossil,#5A3C2E,31742.13450164
right_esi,#5A3C2E,13364.56806464
right_renamed,#D2A679,18588.41155919
right_divested,#2F7F4F,432.65072103326946
