kategorie,color,display_mio
left_fossil,#5A3C2E,11890.27539495
right_esi,#5A3C2E,284.19106161
right_renamed,#D2A679,6987.626809950001
right_divested,#2F7F4F,2205.0492990578737
