kategorie,color,display_mio
left_fossil,#5A3C2E,29633.01343382
right_esi,#5A3C2E,12844.588999450001
right_renamed,#D2A679,17336.41461471
right_divested,#2F7F4F,263.5868466674611
