kategorie,color,display_mio
left_fossil,#5A3C2E,720.18085305
right_esi,#5A3C2E,170.96655517000002
right_renamed,#D2A679,660.61974896
right_divested,#2F7F4F,19.977398722248804
