kategorie,color,display_mio
left_fossil,#5A3C2E,18278.598417380003
right_esi,#5A3C2E,1944.60605522
right_renamed,#D2A679,11567.87729176
right_divested,#2F7F4F,3281.7938902147
